"ID","Status","Comment","Assertion"
"td-action-arrays","null","not testable with Assertion Tester","The value assigned to forms in an instance of ActionAffordance MUST be serialized as a JSON array containing one or more JSON object serializations as defined in ."
"td-action-names","null","not testable with Assertion Tester","All name-value pairs of an instance of ActionAffordance, where the name is a Vocabulary Term included in (one of) the Signatures of ActionAffordance or InteractionAffordance, MUST be serialized as members of the JSON object that results from serializing the ActionAffordance instance, with the Vocabulary Term as name."
"td-action-names_at-type","null","not testable with Assertion Tester","The vocabulary term @type MUST be serialized as a JSON name within an Action object."
"td-action-names_description","null","not testable with Assertion Tester","The vocabulary term description MUST be serialized as a JSON name within an Action object."
"td-action-names_descriptions","null","not testable with Assertion Tester","The vocabulary term descriptions MUST be serialized as a JSON name within an Action object."
"td-action-names_forms","null","not testable with Assertion Tester","The vocabulary term forms MUST be serialized as a JSON name within an Action object."
"td-action-names_idempotent","null","not testable with Assertion Tester","The vocabulary term idempotent MUST be serialized as a JSON name within an Action object."
"td-action-names_input","null","not testable with Assertion Tester","The vocabulary term input MUST be serialized as a JSON name within an Action object."
"td-action-names_output","null","not testable with Assertion Tester","The vocabulary term output MUST be serialized as a JSON name within an Action object."
"td-action-names_safe","null","not testable with Assertion Tester","The vocabulary term safe MUST be serialized as a JSON name within an Action object."
"td-action-names_title","null","not testable with Assertion Tester","The vocabulary term title MUST be serialized as a JSON name within an Action object."
"td-action-names_titles","null","not testable with Assertion Tester","The vocabulary term titles MUST be serialized as a JSON name within an Action object."
"td-action-names_uriVariables","null","not testable with Assertion Tester","The vocabulary term uriVariables MUST be serialized as a JSON name within an Action object."
"td-action-objects","null","not testable with Assertion Tester","The values assigned to input and output in an instance of ActionAffordance MUST be serialized as JSON objects."
"td-action-objects_input","null","not testable with Assertion Tester","The type of the members input MUST be serialized as a JSON object."
"td-action-objects_output","null","not testable with Assertion Tester","The type of the members output MUST be serialized as a JSON object."
"td-actions","null","not testable with Assertion Tester","All name-value pairs of a Map of ActionAffordance instances MUST be serialized as members of the JSON object that results from serializing the Map; the name of a pair MUST be serialized as a JSON string and the value of the pair, an instance of ActionAffordance, MUST be serialized as a JSON object."
"td-actions_existence","null","not testable with Assertion Tester","Actions offered by a Thing MUST be collected in the JSON-object based actions member."
"td-actions_uniqueness","null","not testable with Assertion Tester","Actions collected in the JSON-object based actions member MUST have unique JSON names."
"td-additionalExpectedResponse-contentType","null","not testable with Assertion Tester","If the content type of an additional expected response differs from the content type of the form, the `Form` instance MUST include an entry in the array associated with the name `additionalResponses`."
"td-additionalExpectedResponse-missing-contentType","null","not testable with Assertion Tester","If there is no `contentType` value defined in an additional expected response object, a Consumer MUST expect that the respective response does not contain any payload."
"td-additionalExpectedResponse-noSchemaWithoutPayload","null","not testable with Assertion Tester","The `schema` of an additional expected response object MUST NOT be defined when there is no `contentType` present."
"td-additionalExpectedResponse-schema","null","not testable with Assertion Tester","If the data schema of an additional expected response differs from the output data schema of the interaction, the `Form` MUST include an entry in the array associated with the name `additionalResponses` that includes a value for the name `schema`."
"td-array-type","null","not testable with Assertion Tester","A value of type Array MUST be serialized as JSON array, with each value of the name-value pairs as element of the JSON array ordered by the numeric name of the pair."
"td-arrays","null","not testable with Assertion Tester","All values assigned to links, and forms in an instance of the Class Thing MUST be serialized as JSON arrays containing JSON objects as defined in and , respectively."
"td-arrays_forms","null","not testable with Assertion Tester","The type of the member forms MUST be a JSON array."
"td-arrays_links","null","not testable with Assertion Tester","The type of the member links MUST be a JSON array."
"td-binding-multiple-ops","null","not testable with Assertion Tester","When a forms entry has multiple op values, the form MUST NOT restrict the messages that can be sent by the Consumer to only one operation."
"td-bindings-correct-methods","null","not testable with Assertion Tester","Every operation MUST be unambiguously mapped to a method or message type from the standard set of the protocol identified by the URI scheme found in href or base in the Thing level."
"td-bindings-requirements-scheme","null","not testable with Assertion Tester","Every form in a WoT Thing Description MUST follow the requirements of the Protocol Binding indicated by the URI scheme [[!RFC3986]] of its href member."
"td-bindings-server-accept","null","not testable with Assertion Tester","Every form in a WoT Thing Description MUST accurately describe requests (including request headers, if present) accepted by the Thing in an interaction."
"td-boolean-type","null","not testable with Assertion Tester","Values that are of type boolean MUST be serialized as JSON boolean."
"td-class-type","null","not testable with Assertion Tester","A Class instance MUST be serialized as a JSON object, following the detailed rules given individually in ."
"td-client-data-schema","null","not testable with Assertion Tester","A Consumer when interacting with another target Thing described in a WoT Thing Description MUST generate data organized according to the data schemas given in the corresponding interactions."
"td-client-data-schema-accept-extras","null","not testable with Assertion Tester","A Consumer when interacting with another Thing MUST accept without error any additional data not described in the data schemas given in the Thing Description of the target Thing."
"td-client-data-schema-no-extras","null","not testable with Assertion Tester","A Consumer when interacting with another Thing MUST NOT generate data not described in the data schemas given in the Thing Description of that Thing."
"td-client-uri-template","null","not testable with Assertion Tester","A Consumer when interacting with another Thing MUST generate URIs according to the URI Templates, base URIs, and form href parameters given in the Thing Description of the target Thing."
"td-context","null","not testable with Assertion Tester","The root element of a TD Serialization MUST be a JSON object that includes a member with the name @context and a value of type string or array that equals or respectively contains https://www.w3.org/ns/wot-next/td."
"td-context-default-language","null","not testable with Assertion Tester","One Map contained in an @context Array SHOULD contain a name-value pair that defines the default language for the Thing Description, where the name is the Term @language and the value is a well-formed language tag as defined by [BCP47] (e.g., en, de-AT, gsw-CH, zh-Hans, zh-Hant-HK, sl-nedis)."
"td-context-default-language-direction-independence","null","not testable with Assertion Tester","However, when interpreting human-readable text, each human-readable string value MUST be processed independently."
"td-context-ns-thing-mandatory","null","not testable with Assertion Tester","The @context name-value pair MUST contain the anyURI https://www.w3.org/ns/wot-next/td in order to identify the document as a TD 2.0 which would allow Consumers to use the newly introduced terms."
"td-context-ns-thing-map-of-namespaces","null","not testable with Assertion Tester","Maps contained in an @context Array MAY contain name-value pairs, where the value is a namespace identifier of type anyURI and the name a Term or prefix denoting that namespace."
"td-context-ns-thing-optional","null","not testable with Assertion Tester","When @context is an Array, the anyURI https://www.w3.org/ns/wot-next/td MAY be followed by elements of type anyURI or type Map in any order, while it is RECOMMENDED to include only one Map with all the name-value pairs in the @context Array."
"td-context-toplevel","null","not testable with Assertion Tester","All name-value pairs of an instance of Thing, where the name is a Vocabulary Term in the Signature of Thing, MUST be serialized as JSON members of the root object."
"td-data-schema","null","not testable with Assertion Tester","All name-value pairs of an instance of one of the Subclasses of DataSchema, where the name is a Vocabulary Term included in the Signature of that Subclass or in the Signature of DataSchema, MUST be serialized as members of the JSON object that results from serializing the DataSchema Subclass's instance, with the Vocabulary Term as name."
"td-data-schema-arrays","null","not testable with Assertion Tester","The values assigned to enum, required, and oneOf in an instance of DataSchema MUST be serialized as a JSON array."
"td-data-schema-arrays_enum","null","not testable with Assertion Tester","The value of the member enum MUST be serialized as a JSON array with a DataSchema object."
"td-data-schema-arrays_oneOf","null","not testable with Assertion Tester","The value of the member oneOf MUST be serialized as a JSON array with a DataSchema object."
"td-data-schema-arrays_required","null","not testable with Assertion Tester","The value of the member required MUST be serialized as a JSON array with a DataSchema object."
"td-data-schema-objects","null","not testable with Assertion Tester","The value assigned to properties in an instance of ObjectSchema MUST be serialized as a JSON object."
"td-data-schema-objects-arrays","null","not testable with Assertion Tester","The value assigned to items in an instance of ArraySchema MUST be serialized as a JSON object or a JSON array containing JSON objects."
"td-data-schema_at-type","null","not testable with Assertion Tester","The @type vocabulary term as defined in the class DataSchema MUST be serialized as a JSON name."
"td-data-schema_const","null","not testable with Assertion Tester","The const vocabulary term as defined in the class DataSchema MUST be serialized as a JSON name."
"td-data-schema_contentEncoding","null","not testable with Assertion Tester","The contentEncoding vocabulary term as defined in the class DataSchema MUST be serialized as a JSON name."
"td-data-schema_contentMediaType","null","not testable with Assertion Tester","The contentMediaType vocabulary term as defined in the class DataSchema MUST be serialized as a JSON name."
"td-data-schema_description","null","not testable with Assertion Tester","The description vocabulary term as defined in the class DataSchema MUST be serialized as a JSON name."
"td-data-schema_descriptions","null","not testable with Assertion Tester","The descriptions vocabulary term as defined in the class DataSchema MUST be serialized as a JSON name."
"td-data-schema_enum","null","not testable with Assertion Tester","The enum vocabulary term as defined in the class DataSchema MUST be serialized as a JSON name."
"td-data-schema_exclusiveMaximum-IntegerSchema","null","not testable with Assertion Tester","The exclusiveMaximum vocabulary term as defined in the class DataSchema MUST be serialized as a JSON name."
"td-data-schema_exclusiveMaximum-NumberSchema","null","not testable with Assertion Tester","The exclusiveMaximum vocabulary term as defined in the class DataSchema MUST be serialized as a JSON name."
"td-data-schema_exclusiveMinimum-IntegerSchema","null","not testable with Assertion Tester","The exclusiveMinimum vocabulary term as defined in the class DataSchema MUST be serialized as a JSON name."
"td-data-schema_exclusiveMinimum-NumberSchema","null","not testable with Assertion Tester","The exclusiveMinimum vocabulary term as defined in the class DataSchema MUST be serialized as a JSON name."
"td-data-schema_format","null","not testable with Assertion Tester","The format vocabulary term as defined in the class DataSchema MUST be serialized as a JSON name."
"td-data-schema_items","null","not testable with Assertion Tester","The items vocabulary term as defined in the class DataSchema MUST be serialized as a JSON name."
"td-data-schema_maxItems","null","not testable with Assertion Tester","The maxItems vocabulary term as defined in the class DataSchema MUST be serialized as a JSON name."
"td-data-schema_maxLength","null","not testable with Assertion Tester","The maxLength vocabulary term as defined in the class DataSchema MUST be serialized as a JSON name."
"td-data-schema_maximum-IntegerSchema","null","not testable with Assertion Tester","The maximum vocabulary term as defined in the class DataSchema for integers MUST be serialized as a JSON name."
"td-data-schema_maximum-NumberSchema","null","not testable with Assertion Tester","The maximum vocabulary term as defined in the class DataSchema for numbers MUST be serialized as a JSON name."
"td-data-schema_minItems","null","not testable with Assertion Tester","The minItems vocabulary term as defined in the class DataSchema MUST be serialized as a JSON name."
"td-data-schema_minLength","null","not testable with Assertion Tester","The minLength vocabulary term as defined in the class DataSchema MUST be serialized as a JSON name."
"td-data-schema_minimum-IntegerSchema","null","not testable with Assertion Tester","The minimum vocabulary term as defined in the class DataSchema for integers MUST be serialized as a JSON name."
"td-data-schema_minimum-NumberSchema","null","not testable with Assertion Tester","The minimum vocabulary term as defined in the class DataSchema for numbers MUST be serialized as a JSON name."
"td-data-schema_multipleOf-IntegerSchema","null","not testable with Assertion Tester","The multipleOf vocabulary term as defined in the class DataSchema MUST be serialized as a JSON name."
"td-data-schema_multipleOf-NumberSchema","null","not testable with Assertion Tester","The multipleOf vocabulary term as defined in the class DataSchema MUST be serialized as a JSON name."
"td-data-schema_oneOf","null","not testable with Assertion Tester","The oneOf vocabulary term as defined in the class DataSchema for integers MUST be serialized as a JSON name."
"td-data-schema_pattern","null","not testable with Assertion Tester","The pattern vocabulary term as defined in the class DataSchema for integers MUST be serialized as a JSON name."
"td-data-schema_properties","null","not testable with Assertion Tester","The properties vocabulary term as defined in the class DataSchema for integers MUST be serialized as a JSON name."
"td-data-schema_readOnly","null","not testable with Assertion Tester","The readOnly vocabulary term as defined in the class DataSchema for integers MUST be serialized as a JSON name."
"td-data-schema_required","null","not testable with Assertion Tester","The required vocabulary term as defined in the class DataSchema for integers MUST be serialized as a JSON name."
"td-data-schema_title","null","not testable with Assertion Tester","The title vocabulary term as defined in the class DataSchema for integers MUST be serialized as a JSON name."
"td-data-schema_titles","null","not testable with Assertion Tester","The titles vocabulary term as defined in the class DataSchema for integers MUST be serialized as a JSON name."
"td-data-schema_type","null","not testable with Assertion Tester","The type vocabulary term as defined in the class DataSchema for integers MUST be serialized as a JSON name."
"td-data-schema_unit","null","not testable with Assertion Tester","The unit vocabulary term as defined in the class DataSchema for integers MUST be serialized as a JSON name."
"td-data-schema_writeOnly","null","not testable with Assertion Tester","The writeOnly vocabulary term as defined in the class DataSchema for integers MUST be serialized as a JSON name."
"td-datetime-recommended-type","null","not testable with Assertion Tester","Values that are of type dateTime SHOULD use the literal Z representing the UTC time zone instead of an offset."
"td-datetime-type","null","not testable with Assertion Tester","format specified by [[RFC3339]]."
"td-default-alg","null","not testable with Assertion Tester","BearerSecurityScheme alg ES256"
"td-default-binding-method","null","not testable with Assertion Tester","When no method (or similar) is indicated in a form, Default Value MUST be assumed from the Protocol Binding identified in the form."
"td-default-contentType","null","not testable with Assertion Tester","Form contentType application/json"
"td-default-context-expansion","null","not testable with Assertion Tester","To enable semantic processing when the TD contains items with prefixes that are not defined in the @context, a TD Processor SHOULD expand the @context by adding definitions for those prefixes according to bindings defined in the [[WOT-BINDING-REGISTRY]]."
"td-default-format","null","not testable with Assertion Tester","BearerSecurityScheme format jwt"
"td-default-idempotent","null","not testable with Assertion Tester","ActionAffordance idempotent false"
"td-default-in-apikey","null","not testable with Assertion Tester","APIKeySecurityScheme in query"
"td-default-in-basic","null","not testable with Assertion Tester","BasicSecurityScheme in header"
"td-default-in-bearer","null","not testable with Assertion Tester","BearerSecurityScheme in header"
"td-default-in-digest","null","not testable with Assertion Tester","DigestSecurityScheme in header"
"td-default-observable","null","not testable with Assertion Tester","PropertyAffordance observable false"
"td-default-op-actions","null","not testable with Assertion Tester","Form op invokeaction If defined within an instance of ActionAffordance"
"td-default-op-events","null","not testable with Assertion Tester","Form op Array of string with the elements subscribeevent and unsubscribeevent If defined within an instance of EventAffordance"
"td-default-op-properties","null","not testable with Assertion Tester","Form op Array of string with the elements readproperty and writeproperty when readOnly and writeOnly are set to false or Array of string with the element readproperty when readOnly is set to true or Array of string with the element writeproperty when writeOnly is set to true. If defined within an instance of PropertyAffordance"
"td-default-qop","null","not testable with Assertion Tester","DigestSecurityScheme qop auth"
"td-default-readOnly","null","not testable with Assertion Tester","PropertyAffordance readOnly false The default value for this vocabulary term applies only to the PropertyAffordance level definition. In other contexts, such as DataSchema definitions, the vocabulary term is optional."
"td-default-safe","null","not testable with Assertion Tester","ActionAffordance safe false"
"td-default-success","null","not testable with Assertion Tester","AdditionalExpectedResponse success false"
"td-default-writeOnly","null","not testable with Assertion Tester","PropertyAffordance writeOnly false The default value for this vocabulary term applies only to the PropertyAffordance level definition. In other contexts, such as DataSchema definitions, the vocabulary term is optional."
"td-event-arrays","null","not testable with Assertion Tester","The value assigned to forms in an instance of EventAffordance MUST be serialized as a JSON array containing one or more JSON object serializations as defined in ."
"td-event-names","null","not testable with Assertion Tester","All name-value pairs of an instance of EventAffordance, where the name is a Vocabulary Term included in (one of) the Signatures of EventAffordance or InteractionAffordance, MUST be serialized as members of the JSON object that results from serializing the EventAffordance instance, with the Vocabulary Term as name."
"td-event-names_at-type","null","not testable with Assertion Tester","The vocabulary term @type MUST be serialized as a JSON name within an Event object."
"td-event-names_cancellation","null","not testable with Assertion Tester","The vocabulary term cancellation MUST be serialized as a JSON name within an Event object."
"td-event-names_data","null","not testable with Assertion Tester","The vocabulary term data MUST be serialized as a JSON name within an Event object."
"td-event-names_dataResponse","null","not testable with Assertion Tester","The vocabulary term dataResponse MUST be serialized as a JSON name within an Event object."
"td-event-names_description","null","not testable with Assertion Tester","The vocabulary term description MUST be serialized as a JSON name within an Event object."
"td-event-names_descriptions","null","not testable with Assertion Tester","The vocabulary term descriptions MUST be serialized as a JSON name within an Event object."
"td-event-names_forms","null","not testable with Assertion Tester","The vocabulary term forms MUST be serialized as a JSON name within an Event object."
"td-event-names_subscription","null","not testable with Assertion Tester","The vocabulary term subscription MUST be serialized as a JSON name within an Event object."
"td-event-names_title","null","not testable with Assertion Tester","The vocabulary term title MUST be serialized as a JSON name within an Event object."
"td-event-names_titles","null","not testable with Assertion Tester","The vocabulary term titles MUST be serialized as a JSON name within an Event object."
"td-event-names_uriVariables","null","not testable with Assertion Tester","The vocabulary term uriVariables MUST be serialized as a JSON name within an Event object."
"td-event-objects","null","not testable with Assertion Tester","The values assigned to subscription, data, and cancellation in an instance of EventAffordance MUST be serialized as JSON objects."
"td-event-objects_cancellation","null","not testable with Assertion Tester","The type of the members cancellation MUST be serialized as a JSON object."
"td-event-objects_data","null","not testable with Assertion Tester","The type of the members data MUST be serialized as a JSON object."
"td-event-objects_dataResponse","null","not testable with Assertion Tester","The type of the members dataResponse MUST be serialized as a JSON object."
"td-event-objects_subscription","null","not testable with Assertion Tester","The type of the members subscription MUST be serialized as a JSON object."
"td-event-trigger","null","not testable with Assertion Tester","Events MAY be triggered through conditions that are not exposed as Properties."
"td-events","null","not testable with Assertion Tester","All name-value pairs of a Map of EventAffordance instances MUST be serialized as members of the JSON object that results from serializing the Map; the name of a pair MUST be serialized as a JSON string and the value of the pair, an instance of EventAffordance, MUST be serialized as a JSON object."
"td-events_existence","null","not testable with Assertion Tester","Events offered by a Thing MUST be collected in the JSON-object based events member."
"td-events_uniqueness","null","not testable with Assertion Tester","Events collected in the JSON-object based events member MUST have unique JSON names."
"td-expectedResponse-default-contentType","null","not testable with Assertion Tester","If no response name-value pair is provided, it MUST be assumed that the content type of the response is equal to the content type assigned to the Form instance."
"td-expectedResponse-defined-contentType","null","not testable with Assertion Tester","If a content type is defined in the `response` object within a form, a Consumer MUST expect a response containing a payload in the respective format, e.g., an image in the case of `image/jpeg`."
"td-expectedResponse-missing-contentType","null","not testable with Assertion Tester","If there is no `contentType` value defined in a `response` object within a form, a Consumer MUST expect that the respective response does not contain any payload."
"td-form-additional-mediatype-metadata","null","not testable with Assertion Tester","Bindings MAY have additional information that specifies representation formats in more detail than the media type alone."
"td-form-context-submission-target","null","not testable with Assertion Tester","As a Form but not just the href defines how to execute the interaction, href of multiple Forms MAY point to the same resource, where the different Forms represent different operations on that resource."
"td-form-href-relative","null","not testable with Assertion Tester","To properly build the target URI, if base is present in the Thing level, the href value MUST be resolved using the base URI."
"td-form-protocolbindings","null","not testable with Assertion Tester","If required, form objects MAY be supplemented with protocol-specific Vocabulary Terms identified with a prefix."
"td-format-validation-known-values","null","not testable with Assertion Tester","Servients MAY use the format value to perform additional validation accordingly."
"td-format-validation-other-values","null","not testable with Assertion Tester","When a value that is not found in the known set of values is assigned to format, such a validation SHOULD succeed."
"td-forms","null","not testable with Assertion Tester","All name-value pairs of an instance of Form, where the name is a Vocabulary Term included in the Signature of Form, MUST be serialized as members of the JSON object that results from serializing the Form instance, with the Vocabulary Term as name."
"td-integer-type","null","not testable with Assertion Tester","Values that are of type integer or unsignedInt MUST be serialized as JSON numbers without a fraction or exponent part."
"td-json-open","null","not testable with Assertion Tester","TDs MUST be serialized according to the requirements defined in Section 8.1 of RFC8259 [[!RFC8259]] for open ecosystems."
"td-json-open_accept-byte-order","null","not testable with Assertion Tester","TD Processors MAY ignore the presence of a byte order mark rather than treating it as an error."
"td-json-open_no-byte-order","null","not testable with Assertion Tester","Implementations MUST NOT add a byte order mark (U+FEFF) to the beginning of a TD document."
"td-json-open_utf-8","null","not testable with Assertion Tester","TDs MUST be encoded using UTF-8 [[!RFC3629]]."
"td-links","null","not testable with Assertion Tester","All name-value pairs of an instance of Link, where the name is a Vocabulary Term included in the Signature of Link, MUST be serialized as members of the JSON object that results from serializing the Link instance, with the Vocabulary Term as name."
"td-map-type","null","not testable with Assertion Tester","A value of type Map MUST be serialized as a JSON object, with each name-value pair as member of the JSON object."
"td-metadata-mandatory","null","not testable with Assertion Tester","Accordingly, to be considered a Thing, an instance MUST be represented by at least one available WoT Thing Description (TD)."
"td-multi-languages","null","not testable with Assertion Tester","All name-value pairs of a MultiLanguage Map MUST be serialized as members of a JSON object, where the name is a valid language tag as defined by [[!BCP47]] (also see [[I18N-Glossary]]) and the value is a human-readable string in the language indicated by the tag."
"td-multi-languages-consistent","null","not testable with Assertion Tester","All MultiLanguage object within a TD document SHOULD contain the same set of language members."
"td-multi-languages_descriptions","null","not testable with Assertion Tester","Whenever the vocabulary terms descriptions can be used it MUST be serialized as JSON object. The member names of the JSON Object MUST be the language tags as defined in [[BCP47]] (e.g."
"td-multi-languages_titles","null","not testable with Assertion Tester","Whenever the vocabulary terms titles can be used it MUST be serialized as JSON object. The member names of the JSON Object MUST be the language tags as defined in [[BCP47]] (e.g."
"td-multilanguage-language-tag","null","not testable with Assertion Tester","Each name of the MultiLanguage Map MUST be a language tag as defined in [[!BCP47]]."
"td-multilanguage-value","null","not testable with Assertion Tester","Each value of the MultiLanguage Map MUST be of type string."
"td-ns-multilanguage-content-negotiation","null","not testable with Assertion Tester","In cases where the default language has been negotiated, an @language member MUST be present to indicate the result of the negotiation and the corresponding default language of the returned content."
"td-ns-multilanguage-content-negotiation-no-multi","null","not testable with Assertion Tester","When the default language has been negotiated successfully, TD documents SHOULD include the appropriate matching values for the members title and description in preference to MultiLanguage objects in titles and descriptions members."
"td-ns-multilanguage-content-negotiation-optional","null","not testable with Assertion Tester","Note however that Things MAY choose to not support such dynamically-generated TDs nor to support language negotiation (e.g., because of resource constraints)."
"td-number-type","null","not testable with Assertion Tester","Values that are of type double MUST be serialized as JSON number."
"td-objects","null","not testable with Assertion Tester","All values assigned to version, securityDefinitions, descriptions, schemaDefinitions, uriVariables, properties, actions, and events in an instance of the Class Thing MUST be serialized as JSON objects."
"td-objects_actions","null","not testable with Assertion Tester","The type of the members actions MUST be serialized as a JSON object."
"td-objects_descriptions","null","not testable with Assertion Tester","The type of the members descriptions MUST be serialized as a JSON object."
"td-objects_events","null","not testable with Assertion Tester","The type of the members events MUST be serialized as a JSON object."
"td-objects_properties","null","not testable with Assertion Tester","The type of the members properties MUST be serialized as a JSON object."
"td-objects_schemaDefinitions","null","not testable with Assertion Tester","The type of the members schemaDefinitions MUST be serialized as a JSON object."
"td-objects_securityDefinitions","null","not testable with Assertion Tester","The type of the members securityDefinitions MUST be serialized as a JSON object."
"td-objects_uriVariables","null","not testable with Assertion Tester","The type of the members uriVariables MUST be serialized as a JSON object."
"td-objects_version","null","not testable with Assertion Tester","The type of the members version MUST be serialized as a JSON object."
"td-op-for-action","null","not testable with Assertion Tester","When a Form instance is within an ActionAffordance instance, the value assigned to op MUST either be invokeaction, queryaction, cancelaction or an Array containing a combination of these terms."
"td-op-for-event","null","not testable with Assertion Tester","When a Form instance is within an EventAffordance instance, the value assigned to op MUST be either subscribeevent, unsubscribeevent, or both terms within an Array."
"td-op-for-property","null","not testable with Assertion Tester","When a Form instance is within a PropertyAffordance instance, the value assigned to op MUST be one of readproperty, writeproperty, observeproperty, unobserveproperty or an Array containing a combination of these terms."
"td-op-for-thing","null","not testable with Assertion Tester","When the forms Array of a Thing instance contains Form instances, it MUST contain op member with the string values assigned to the name op, either directly or within an Array, MUST be one of the following operation types: readallproperties, writeallproperties, readmultipleproperties, writemultipleproperties, observeallproperties, unobserveallproperties, queryallactions, subscribeallevents, or unsubscribeallevents."
"td-privacy-auth-users-only","null","not testable with Assertion Tester","Only authorized users SHOULD be provided access to the Thing Description for a Thing."
"td-privacy-centralized-ids","null","not testable with Assertion Tester","TD identifiers SHOULD NOT be generated using a centralized authority."
"td-privacy-consideration-access-control-mandatory-person","null","not testable with Assertion Tester","Things returning data or metadata (such as TDs) associated with a person SHOULD use some form of access control."
"td-privacy-consideration-min-explicit-pii","null","not testable with Assertion Tester","Storage of explicit personally identifiable information in TDs SHOULD be minimized as much as possible."
"td-privacy-distributed-ids","null","not testable with Assertion Tester","TD identifiers SHOULD be generated using a distributed mechanism such as UUIDs that provides a high probability of uniqueness."
"td-privacy-essential-metadata-only","null","not testable with Assertion Tester","Only the amount of information needed for the level of authorization and the use case SHOULD be provided in a TD."
"td-privacy-id-metadata","null","not testable with Assertion Tester","The value of the id of a TD SHOULD NOT contain metadata describing the Thing or from the TD itself."
"td-privacy-mutable-identifiers","null","not testable with Assertion Tester","All identifiers used in a TD SHOULD be mutable, and in particular there SHOULD be a mechanism to update the id of a Thing when necessary."
"td-privacy-temp-id-metadata","null","not testable with Assertion Tester","Any temporary ID generated to manage TDs, for example an ID for a database or directory service, SHOULD NOT contain metadata describing the Thing or from the TD itself."
"td-processor","null","not testable with Assertion Tester","A TD Processor MUST satisfy the Class instantiation constraints on all Classes defined in , , , and ."
"td-processor-bidi-isolation","null","not testable with Assertion Tester","TD Processors SHOULD take care to use bidi isolation when presenting strings to users, particularly when embedding in surrounding text (e.g., for Web user interface)"
"td-processor-serialization","null","not testable with Assertion Tester","A TD Processor MUST be able to serialize Thing Descriptions into the JSON format [[!RFC8259]] and/or deserialize Thing Descriptions from that format, according to the rules noted in and ."
"td-producer-mixed-direction","null","not testable with Assertion Tester","TD producers SHOULD attempt to provide mixed direction strings in a way that can be displayed successfully by a naive user agent."
"td-properties","null","not testable with Assertion Tester","All name-value pairs of a Map of PropertyAffordance instances MUST be serialized as members of the JSON object that results from serializing the Map; the name of a pair MUST be serialized as a JSON string and the value of the pair, an instance of PropertyAffordance, MUST be serialized as a JSON object."
"td-properties_existence","null","not testable with Assertion Tester","Properties offered by a Thing MUST be collected in the JSON-object based properties member."
"td-properties_uniqueness","null","not testable with Assertion Tester","Properties collected in the JSON-object based properties member MUST have unique JSON names."
"td-property-arrays","null","not testable with Assertion Tester","The value assigned to forms in an instance of PropertyAffordance MUST be serialized as a JSON array containing one or more JSON object serializations as defined in ."
"td-property-names","null","not testable with Assertion Tester","All name-value pairs of an instance of PropertyAffordance, where the name is a Vocabulary Term included in (one of) the Signatures of PropertyAffordance, InteractionAffordance, or DataSchema, MUST be serialized as members of the JSON object that results from serializing the PropertyAffordance instance, with the Vocabulary Term as name."
"td-property-names_at-type","null","not testable with Assertion Tester","The vocabulary term @type MUST be serialized as a JSON name within a Property object."
"td-property-names_const","null","not testable with Assertion Tester","The vocabulary term const MUST be serialized as a JSON name within a Property object."
"td-property-names_contentEncoding","null","not testable with Assertion Tester","The vocabulary term contentEncoding MUST be serialized as a JSON name within a Property object."
"td-property-names_contentMediaType","null","not testable with Assertion Tester","The vocabulary term contentMediaType MUST be serialized as a JSON name within a Property object."
"td-property-names_description","null","not testable with Assertion Tester","The vocabulary term description MUST be serialized as a JSON name within a Property object."
"td-property-names_descriptions","null","not testable with Assertion Tester","The vocabulary term descriptions MUST be serialized as a JSON name within a Property object."
"td-property-names_enum","null","not testable with Assertion Tester","The vocabulary term enum MUST be serialized as a JSON name within a Property object."
"td-property-names_exclusiveMaximum","null","not testable with Assertion Tester","The vocabulary term exclusiveMaximum MUST be serialized as a JSON name within a Property object."
"td-property-names_exclusiveMinimum","null","not testable with Assertion Tester","The vocabulary term exclusiveMinimum MUST be serialized as a JSON name within a Property object."
"td-property-names_format","null","not testable with Assertion Tester","The vocabulary term format MUST be serialized as a JSON name within a Property object."
"td-property-names_forms","null","not testable with Assertion Tester","The vocabulary term forms MUST be serialized as a JSON name within a Property object."
"td-property-names_items","null","not testable with Assertion Tester","The vocabulary term items MUST be serialized as a JSON name within a Property object."
"td-property-names_maxItems","null","not testable with Assertion Tester","The vocabulary term maxItems MUST be serialized as a JSON name within a Property object."
"td-property-names_maxLength","null","not testable with Assertion Tester","The vocabulary term maxLength MUST be serialized as a JSON name within a Property object."
"td-property-names_maximum","null","not testable with Assertion Tester","The vocabulary term maximum MUST be serialized as a JSON name within a Property object."
"td-property-names_minItems","null","not testable with Assertion Tester","The vocabulary term minItems MUST be serialized as a JSON name within a Property object."
"td-property-names_minLength","null","not testable with Assertion Tester","The vocabulary term minLength MUST be serialized as a JSON name within a Property object."
"td-property-names_minimum","null","not testable with Assertion Tester","The vocabulary term minimum MUST be serialized as a JSON name within a Property object."
"td-property-names_multipleOf","null","not testable with Assertion Tester","The vocabulary term multipleOf MUST be serialized as a JSON name within a Property object."
"td-property-names_observable","null","not testable with Assertion Tester","The vocabulary term observable MUST be serialized as a JSON name within a Property object."
"td-property-names_oneOf","null","not testable with Assertion Tester","The vocabulary term oneOf MUST be serialized as a JSON name within a Property object."
"td-property-names_properties","null","not testable with Assertion Tester","The vocabulary term properties MUST be serialized as a JSON name within a Property object."
"td-property-names_readOnly","null","not testable with Assertion Tester","The vocabulary term readOnly MUST be serialized as a JSON name within a Property object."
"td-property-names_required","null","not testable with Assertion Tester","The vocabulary term required MUST be serialized as a JSON name within a Property object."
"td-property-names_title","null","not testable with Assertion Tester","The vocabulary term title MUST be serialized as a JSON name within a Property object."
"td-property-names_titles","null","not testable with Assertion Tester","The vocabulary term titles MUST be serialized as a JSON name within a Property object."
"td-property-names_type","null","not testable with Assertion Tester","The vocabulary term type MUST be serialized as a JSON name within a Property object."
"td-property-names_unit","null","not testable with Assertion Tester","The vocabulary term unit MUST be serialized as a JSON name within a Property object."
"td-property-names_uriVariables","null","not testable with Assertion Tester","The vocabulary term uriVariables MUST be serialized as a JSON name within a Property object."
"td-property-names_writeOnly","null","not testable with Assertion Tester","The vocabulary term writeOnly MUST be serialized as a JSON name within a Property object."
"td-rel-type-case-insensitive","null","not testable with Assertion Tester","Relation types MUST be compared as strings using case-insensitive comparison."
"td-rel-type-lowercase","null","not testable with Assertion Tester","All-lowercase URIs SHOULD be used for extension relation types."
"td-security","null","not testable with Assertion Tester","All name-value pairs of a Map of SecurityScheme instances MUST be serialized as members of the JSON object that results from serializing the Map; the name of a pair MUST be serialized as a JSON string and the value of the pair, an instance of SecurityScheme, MUST be serialized as a JSON object."
"td-security-activation","null","not testable with Assertion Tester","The value assigned to security in an instance of Class Thing MUST be serialized as JSON string or as JSON array whose elements are JSON strings."
"td-security-auth-private-data","null","not testable with Assertion Tester","Instead, authentication and authorization SHOULD be established based on separately managed Private Security Data."
"td-security-bearer-format-extensions","null","not testable with Assertion Tester","Other formats and algorithms for bearer tokens MAY be specified in vocabulary extensions"
"td-security-bearer-format-extensions_alg","null","not testable with Assertion Tester","Other algorithms for bearer tokens MAY be specified in vocabulary extensions."
"td-security-bearer-format-extensions_format","null","not testable with Assertion Tester","Other formats for bearer tokens MAY be specified in vocabulary extensions."
"td-security-binding","null","not testable with Assertion Tester","If a Thing requires a specific access mechanism for an interaction, that mechanism MUST be specified in the security configuration of the Thing Description."
"td-security-body-name-json-pointer","null","not testable with Assertion Tester","When used in the context of a body security information location, the value of name MUST be in the form of a JSON pointer [[!RFC6901]] relative to the root of the input DataSchema for each interaction it is used with."
"td-security-body-name-json-pointer-array","null","not testable with Assertion Tester","character to indicate a non-existent array element when it is necessary to insert an element after the last element of an existing array."
"td-security-body-name-json-pointer-creatable","null","not testable with Assertion Tester","When an element of a data schema indicated by a JSON pointer indicated in a body locator does not already exist in the indicated schema, it MUST be possible to insert the indicated element at the location indicated by the pointer."
"td-security-body-name-json-pointer-type","null","not testable with Assertion Tester","."
"td-security-combo-deprecation","null","not testable with Assertion Tester","However, the use of an array with multiple elements to combine security schemes in a security element is now deprecated, instead a ComboSecurityScheme SHOULD be used."
"td-security-combo-exclusive-oneof-or-allof","null","not testable with Assertion Tester","Exactly one of either oneOf or allOf vocabulary terms MUST be included."
"td-security-dtls-1-2","null","not testable with Assertion Tester","If DTLS 1.3 cannot be used for compatibility reasons when using DTLS, DTLS 1.2 [[RFC6347]] MAY be used."
"td-security-extension","null","not testable with Assertion Tester","Additional security schemes MUST be Subclasses of the Class SecurityScheme."
"td-security-in-query-over-uri","null","not testable with Assertion Tester","The value uri SHOULD be specified for the name in in a security scheme only if query is not applicable."
"td-security-in-uri-variable","null","not testable with Assertion Tester","The URIs provided in interactions where a security scheme using uri as the value for in MUST be a URI template including the defined variable."
"td-security-inj-no-intl-markup","null","not testable with Assertion Tester","HTML markup SHOULD NOT be used for internationalization purposes in TD strings."
"td-security-jsonld-expansion","null","not testable with Assertion Tester","Consumers SHOULD set and enforce limits on memory usage to prevent buffer overflow and resource exhaustion during JSON-LD processing."
"td-security-mandatory","null","not testable with Assertion Tester","At least one security definition MUST be activated through the security member at the Thing level (i.e., in the TD root object)."
"td-security-mutual-auth-td","null","not testable with Assertion Tester","Thing Descriptions SHOULD be obtained only through mutually authenticated secure channels."
"td-security-no-earlier-tls-or-dtls","null","not testable with Assertion Tester","Versions of protocols or security policies earlier than the current standards (including TLS/DTLS earlier than 1.2) MUST NOT be used for new development."
"td-security-no-execution","null","not testable with Assertion Tester","A WoT Thing Description JSON-LD serialization MUST NOT be passed through a code execution mechanism such as JavaScript's eval() function to be parsed."
"td-security-no-extras","null","not testable with Assertion Tester","If a Thing does not require a specific access mechanism for an interaction, that mechanism MUST NOT be specified in the security configuration of the Thing Description."
"td-security-no-private-security-data","null","not testable with Assertion Tester","Producers of TDs MUST ensure that no Private Security Data is included in TDs, maintaining a strict separation from Public Security Metadata."
"td-security-no-secrets","null","not testable with Assertion Tester","For all security schemes, any keys, passwords, or other sensitive information directly providing access MUST NOT be stored in the TD and should instead be shared and stored out-of-band via other mechanisms."
"td-security-oauth-limits","null","not testable with Assertion Tester","To limit the scope and duration of access to Things, tokens SHOULD be used to manage access."
"td-security-oauth2-client-flow","null","not testable with Assertion Tester","For the client flow token vocabulary term MUST be included."
"td-security-oauth2-client-flow-no-auth","null","not testable with Assertion Tester","For the client flow authorization vocabulary term MUST NOT be included."
"td-security-oauth2-code-flow","null","not testable with Assertion Tester","For the code flow both authorization and token vocabulary terms MUST be included."
"td-security-other-protocol","null","not testable with Assertion Tester","For protocols with integrated security or alternative security mechanisms (e.g., QUIC [[RFC9000]], OPC UA), the configuration SHOULD adhere to the current security recommendations of the relevant specification (e.g., strictly using secure OPC UA Security Policies)."
"td-security-overrides","null","not testable with Assertion Tester","Security definitions MAY also be activated at the level of the form elements by including a security member in form objects, which overrides (i.e., completely replace) all definitions activated at the Thing level."
"td-security-remote-context","null","not testable with Assertion Tester","Constrained implementations SHOULD NOT follow links to remote contexts."
"td-security-scheme-name","null","not testable with Assertion Tester","The value assigned to the name scheme MUST be defined within a Vocabulary included in the Thing Description, either in the standard Vocabulary defined in § 5. TD Information Model or in a TD Context Extension."
"td-security-schemes","null","not testable with Assertion Tester","All name-value pairs of an instance of one of the Subclasses of SecurityScheme, where the name is a Vocabulary Term included in the Signature of that Subclass or in the Signature of SecurityScheme, MUST be serialized as members of the JSON object that results from serializing the SecurityScheme Subclass's instance, with the Vocabulary Term as name."
"td-security-security-vocab-auto-in-no-name","null","not testable with Assertion Tester","If a value of auto is set for the in field of a SecurityScheme, then the name field SHOULD NOT be set."
"td-security-server-auth-td","null","not testable with Assertion Tester","In cases where the Consumer is associated with a person, e.g. browsers, TDs MAY be obtained through a channel where only the TD provider is authenticated."
"td-security-static-context","null","not testable with Assertion Tester","Constrained implementations SHOULD use vetted versions of their supported context extensions managed statically or as part of a secure update process."
"td-security-tls-1-2","null","not testable with Assertion Tester","If TLS 1.3 cannot be used for compatibility reasons when using TLS, TLS 1.2 [[RFC5246]] MAY be used."
"td-security-tls-1-3","null","not testable with Assertion Tester","When using TLS, then at least TLS 1.3 [[RFC8446]] SHOULD be used."
"td-security-uri-variables-distinct","null","not testable with Assertion Tester","The names of URI variables declared in a SecurityScheme MUST be distinct from all other URI variables declared in the TD."
"td-security-vuln-auto","null","not testable with Assertion Tester","The auto security scheme MAY be used if vulnerability scanning is a concern."
"td-server-data-schema","null","not testable with Assertion Tester","A WoT Thing Description MUST accurately describe the data returned and accepted by each interaction."
"td-server-data-schema-extras","null","not testable with Assertion Tester","A Thing MAY return additional data from an interaction even when such data is not described in the data schemas given in its WoT Thing Description."
"td-server-uri-template","null","not testable with Assertion Tester","URI Templates, base URIs, and href members in a WoT Thing Description MUST accurately describe the WoT Interface of the Thing."
"td-string-type","null","not testable with Assertion Tester","Values that are of type string or anyURI MUST be serialized as JSON strings."
"td-structured-data-schema","null","not testable with Assertion Tester","For structured media types, the Interaction Affordance SHOULD be associated with a Data Schema to provide more detailed syntactic metadata for the data exchanged, as explained in [[[#payload-bindings-dataschema]]] and [[[#sec-data-schema-vocabulary-definition]]]."
"td-text-at-direction","null","not testable with Assertion Tester","Given that the Thing Description format is based on JSON-LD 1.1 [[?json-ld11]]"
"td-text-direction-first-strong","null","not testable with Assertion Tester","When metadata such as @direction is not present, TD Consumers SHOULD use [=First-strong detection=] as a fallback."
"td-text-direction-language-tag","null","not testable with Assertion Tester","For the MultiLanguage Map, TD Consumers MAY infer the [=base direction=] from the language tag of the individual strings."
"td-title-description","null","not testable with Assertion Tester","When title and titles or description and descriptions are present within the same JSON object, the values of title and description MAY be seen as the default text."
"td-title-description_descriptions","null","not testable with Assertion Tester","If description and descriptions are defined at the same time at the JSON level, description MAY be seen as default text."
"td-title-description_titles","null","not testable with Assertion Tester","If title and titles are defined at the same time at the JSON level, title MAY be seen as default text."
"td-titles-descriptions","null","not testable with Assertion Tester","When title and titles or description and descriptions are present in a TD document, each title and description member SHOULD have a corresponding titles and descriptions member, respectively."
"td-uriVariables-dataschema","null","not testable with Assertion Tester","The serialization of each value in the map assigned to uriVariables in an instance of Form MUST rely on the Class DataSchema, whose serialization is defined in ."
"td-uriVariables-names","null","not testable with Assertion Tester","In such a case, the URI Template variables MUST be collected in the JSON-object based uriVariables member either in the Thing level or in Interaction Affordance level with the associated (unique) variable names as JSON names."
"td-version","null","not testable with Assertion Tester","All name-value pairs of an instance of VersionInfo, where the name is a Vocabulary Term included in the Signature of VersionInfo, MUST be serialized as JSON members with the Vocabulary Term as name."
"td-vocab-actions--Thing","null","not testable with Assertion Tester","actionsAll Action-based Interaction Affordances of the Thing.optionalMap of ActionAffordance"
"td-vocab-additionalResponses--Form","null","not testable with Assertion Tester","additionalResponsesThis optional term can be used if additional expected responses are possible, e.g., for error reporting. Each additional response needs to be distinguished from others in some way (for example, by specifying a protocol-specific error code), and may also have its own data schema.optionalArray of AdditionalExpectedResponse"
"td-vocab-alg--BearerSecurityScheme","null","not testable with Assertion Tester","algEncoding, encryption, or digest algorithm.with defaultstring (e.g., ES256, or ES512-256)"
"td-vocab-allOf--ComboSecurityScheme","null","not testable with Assertion Tester","allOfArray of two or more strings identifying other named security scheme definitions, all of which must be satisfied for access.mandatoryArray of string"
"td-vocab-anchor--Link","null","not testable with Assertion Tester","anchorOverrides the link context (by default the Thing itself identified by its id) with the given URI or IRI.optionalanyURI"
"td-vocab-at-context--Thing","null","not testable with Assertion Tester","@contextJSON-LD keyword to define short-hand names called terms that are used throughout a TD document.mandatoryanyURI or Array"
"td-vocab-at-type--DataSchema","null","not testable with Assertion Tester","@typeJSON-LD keyword to label the object with semantic tags (or types)optionalstring or Array of string"
"td-vocab-at-type--InteractionAffordance","null","not testable with Assertion Tester","@typeJSON-LD keyword to label the object with semantic tags (or types).optionalstring or Array of string"
"td-vocab-at-type--SecurityScheme","null","not testable with Assertion Tester","@typeJSON-LD keyword to label the object with semantic tags (or types).optionalstring or Array of string"
"td-vocab-at-type--Thing","null","not testable with Assertion Tester","@typeJSON-LD keyword to label the object with semantic tags (or types).optionalstring or Array of string"
"td-vocab-authorization--BearerSecurityScheme","null","not testable with Assertion Tester","authorizationURI of the authorization server.optionalanyURI"
"td-vocab-authorization--OAuth2SecurityScheme","null","not testable with Assertion Tester","authorizationURI of the authorization server.optionalanyURI"
"td-vocab-base--Thing","null","not testable with Assertion Tester","baseDefine the absolute base URI that is used for all relative URI references throughout a TD document. In TD instances, all relative URIs are resolved relative to the base URI using the algorithm defined in [RFC3986]. base does not affect the URIs used in @context and the IRIs used within Linked Data [LINKED-DATA] graphs that are relevant when semantic processing is applied to TD instances. Also see the note about the type of base URI. optionalanyURI"
"td-vocab-cancellation--EventAffordance","null","not testable with Assertion Tester","cancellationDefines any data that needs to be passed to cancel a subscription, e.g., a specific message to remove a Webhook.optionalDataSchema"
"td-vocab-const--DataSchema","null","not testable with Assertion Tester","constProvides a constant value.optionalany type"
"td-vocab-contentCoding--Form","null","not testable with Assertion Tester",""
"td-vocab-contentEncoding--StringSchema","null","not testable with Assertion Tester","contentEncodingSpecifies the encoding used to store the contents, as specified in [[RFC2045]] (Section 6.1) and [[RFC4648]].optionalstring (e.g., 7bit, 8bit, binary, quoted-printable, base16, base32, or base64)"
"td-vocab-contentMediaType--StringSchema","null","not testable with Assertion Tester","contentMediaTypeSpecifies the MIME type of the contents of a string value, as described in [[RFC2046]].optionalstring (e.g., image/png, or audio/mpeg)"
"td-vocab-contentType--AdditionalExpectedResponse","null","not testable with Assertion Tester","contentTypeAssign a content type based on a media type (e.g., text/plain) and potential parameters (e.g., charset=utf-8) for the media type [RFC2046].optionalstring"
"td-vocab-contentType--ExpectedResponse","null","not testable with Assertion Tester","contentTypeAssign a content type based on a media type (e.g., text/plain) and potential parameters (e.g., charset=utf-8) for the media type [RFC2046].optionalstring"
"td-vocab-contentType--Form","null","not testable with Assertion Tester","contentTypeAssign a content type based on a media type (e.g., text/plain) and potential parameters (e.g., charset=utf-8) for the media type [RFC2046].optionalstring"
"td-vocab-created--Thing","null","not testable with Assertion Tester","createdProvides information when the TD instance was created.optionaldateTime"
"td-vocab-data--EventAffordance","null","not testable with Assertion Tester","dataDefines the data schema of the Event instance messages pushed by the Thing.optionalDataSchema"
"td-vocab-dataResponse--EventAffordance","null","not testable with Assertion Tester","dataResponseDefines the data schema of the Event response messages sent by the consumer in a response to a data message.optionalDataSchema"
"td-vocab-default--DataSchema","null","not testable with Assertion Tester","defaultSupply a default value. The value SHOULD validate against the data schema in which it resides.optionalany type"
"td-vocab-description--DataSchema","null","not testable with Assertion Tester","descriptionProvides additional (human-readable) information based on a default language.optionalstring"
"td-vocab-description--InteractionAffordance","null","not testable with Assertion Tester","descriptionProvides additional (human-readable) information based on a default language.optionalstring"
"td-vocab-description--SecurityScheme","null","not testable with Assertion Tester","descriptionProvides additional (human-readable) information based on a default language.optionalstring"
"td-vocab-description--Thing","null","not testable with Assertion Tester","descriptionProvides additional (human-readable) information based on a default language.optionalstring"
"td-vocab-descriptions--DataSchema","null","not testable with Assertion Tester","descriptionsCan be used to support (human-readable) information in different languages. Also see MultiLanguage.optionalMap of MultiLanguage"
"td-vocab-descriptions--InteractionAffordance","null","not testable with Assertion Tester","descriptionsCan be used to support (human-readable) information in different languages. Also see MultiLanguage.optionalMap of MultiLanguage"
"td-vocab-descriptions--SecurityScheme","null","not testable with Assertion Tester","descriptionsCan be used to support (human-readable) information in different languages. Also see MultiLanguage.optionalMap of MultiLanguage"
"td-vocab-descriptions--Thing","null","not testable with Assertion Tester","descriptionsCan be used to support (human-readable) information in different languages. Also see MultiLanguage.optionalMap of MultiLanguage"
"td-vocab-enum--DataSchema","null","not testable with Assertion Tester","enumRestricted set of values provided as an array.optionalArray of any type"
"td-vocab-events--Thing","null","not testable with Assertion Tester","eventsAll Event-based Interaction Affordances of the Thing.optionalMap of EventAffordance"
"td-vocab-exclusiveMaximum--IntegerSchema","null","not testable with Assertion Tester","exclusiveMaximumSpecifies a maximum numeric value, representing an exclusive upper limit. Only applicable for associated number or integer types.optionalinteger"
"td-vocab-exclusiveMaximum--NumberSchema","null","not testable with Assertion Tester","exclusiveMaximumSpecifies a maximum numeric value, representing an exclusive upper limit. Only applicable for associated number or integer types.optionaldouble"
"td-vocab-exclusiveMinimum--IntegerSchema","null","not testable with Assertion Tester","exclusiveMinimumSpecifies a minimum numeric value, representing an exclusive lower limit. Only applicable for associated number or integer types.optionalinteger"
"td-vocab-exclusiveMinimum--NumberSchema","null","not testable with Assertion Tester","exclusiveMinimumSpecifies a minimum numeric value, representing an exclusive lower limit. Only applicable for associated number or integer types.optionaldouble"
"td-vocab-flow--OAuth2SecurityScheme","null","not testable with Assertion Tester","flowAuthorization flow.mandatorystring (e.g., code, or client)"
"td-vocab-format--BearerSecurityScheme","null","not testable with Assertion Tester","formatSpecifies format of security authentication information.with defaultstring (e.g., jwt, cwt, jwe, or jws)"
"td-vocab-format--DataSchema","null","not testable with Assertion Tester",""
"td-vocab-forms--InteractionAffordance","null","not testable with Assertion Tester","formsSet of form hypermedia controls that describe how an operation can be performed. Forms are serializations of Protocol Bindings. The array cannot be empty.mandatoryArray of Form"
"td-vocab-forms--Thing","null","not testable with Assertion Tester","formsSet of form hypermedia controls that describe how an operation can be performed. Forms are serializations of Protocol Bindings. Thing level forms are used to describe endpoints for a group of interaction affordances.optionalArray of Form"
"td-vocab-href--Form","null","not testable with Assertion Tester","hrefTarget URI of a submission target of a Form. See the note on URI/IRI.mandatoryanyURI"
"td-vocab-href--Link","null","not testable with Assertion Tester","hrefTarget URI of a link.mandatoryanyURI"
"td-vocab-hreflang--Link","null","not testable with Assertion Tester","hreflangThe hreflang attribute specifies the language of a linked document. The value of this must be a valid language tag [[BCP47]].optionalstring or Array of string"
"td-vocab-id--Thing","null","not testable with Assertion Tester","idIdentifier of the Thing in form of a URI [[RFC3986]] (e.g., stable URI, temporary and mutable URI, URI with local IP address, URN, etc.).optionalanyURI"
"td-vocab-idempotent--ActionAffordance","null","not testable with Assertion Tester","idempotentIndicates whether the Action is idempotent (=true) or not. Informs whether the Action can be called repeatedly with the same result, if present, based on the same input.with defaultboolean"
"td-vocab-identity--PSKSecurityScheme","null","not testable with Assertion Tester","identityIdentifier providing information which can be used for selection or confirmation.optionalstring"
"td-vocab-in--APIKeySecurityScheme","null","not testable with Assertion Tester","inSpecifies the location of security authentication information. with defaultstring (one of header, query, body, cookie, uri, or auto)"
"td-vocab-in--BasicSecurityScheme","null","not testable with Assertion Tester","inSpecifies the location of security authentication information. with defaultstring (one of header, query, body, cookie, or auto)"
"td-vocab-in--BearerSecurityScheme","null","not testable with Assertion Tester","inSpecifies the location of security authentication information. with defaultstring (one of header, query, body, cookie, or auto)"
"td-vocab-in--DigestSecurityScheme","null","not testable with Assertion Tester","inSpecifies the location of security authentication information. with defaultstring (one of header, query, body, cookie, or auto)"
"td-vocab-input--ActionAffordance","null","not testable with Assertion Tester","inputUsed to define the input data schema of the Action.optionalDataSchema"
"td-vocab-instance--VersionInfo","null","not testable with Assertion Tester","instanceProvides a version indicator of this TD. mandatorystring"
"td-vocab-items--ArraySchema","null","not testable with Assertion Tester","itemsUsed to define the characteristics of an array.optionalDataSchema or Array of DataSchema"
"td-vocab-links--Thing","null","not testable with Assertion Tester","linksProvides Web links to arbitrary resources that relate to the specified Thing Description.optionalArray of Link"
"td-vocab-maxItems--ArraySchema","null","not testable with Assertion Tester","maxItemsDefines the maximum number of items that have to be in the array.optionalunsignedInt"
"td-vocab-maxLength--StringSchema","null","not testable with Assertion Tester","maxLengthSpecifies the maximum length of a string. Only applicable for associated string types.optionalunsignedInt"
"td-vocab-maximum--IntegerSchema","null","not testable with Assertion Tester","maximumSpecifies a maximum numeric value, representing an inclusive upper limit. Only applicable for associated number or integer types.optionalinteger"
"td-vocab-maximum--NumberSchema","null","not testable with Assertion Tester","maximumSpecifies a maximum numeric value, representing an inclusive upper limit. Only applicable for associated number or integer types.optionaldouble"
"td-vocab-minItems--ArraySchema","null","not testable with Assertion Tester","minItemsDefines the minimum number of items that have to be in the array.optionalunsignedInt"
"td-vocab-minLength--StringSchema","null","not testable with Assertion Tester","minLengthSpecifies the minimum length of a string. Only applicable for associated string types.optionalunsignedInt"
"td-vocab-minimum--IntegerSchema","null","not testable with Assertion Tester","minimumSpecifies a minimum numeric value, representing an inclusive lower limit. Only applicable for associated number or integer types.optionalinteger"
"td-vocab-minimum--NumberSchema","null","not testable with Assertion Tester","minimumSpecifies a minimum numeric value, representing an inclusive lower limit. Only applicable for associated number or integer types.optionaldouble"
"td-vocab-model--VersionInfo","null","not testable with Assertion Tester","modelProvides a version indicator of the underlying TM. optionalstring"
"td-vocab-modified--Thing","null","not testable with Assertion Tester","modifiedProvides information when the TD instance was last modified.optionaldateTime"
"td-vocab-multipleOf--IntegerSchema","null","not testable with Assertion Tester","multipleOfSpecifies the multipleOf value number. The value must strictly greater than 0. Only applicable for associated number or integer types.optionalinteger"
"td-vocab-multipleOf--NumberSchema","null","not testable with Assertion Tester","multipleOfSpecifies the multipleOf value number. The value must strictly greater than 0. Only applicable for associated number or integer types.optionaldouble"
"td-vocab-name--APIKeySecurityScheme","null","not testable with Assertion Tester","nameName for query, header, cookie, or uri parameters.optionalstring"
"td-vocab-name--BasicSecurityScheme","null","not testable with Assertion Tester","nameName for query, header, cookie, or uri parameters.optionalstring"
"td-vocab-name--BearerSecurityScheme","null","not testable with Assertion Tester","nameName for query, header, cookie, or uri parameters.optionalstring"
"td-vocab-name--DigestSecurityScheme","null","not testable with Assertion Tester","nameName for query, header, cookie, or uri parameters.optionalstring"
"td-vocab-observable--PropertyAffordance","null","not testable with Assertion Tester","observableA hint that indicates whether Servients hosting the Thing and Intermediaries should provide a Protocol Binding that supports the observeproperty and unobserveproperty operations for this Property.with defaultboolean"
"td-vocab-oneOf--ComboSecurityScheme","null","not testable with Assertion Tester","oneOfArray of two or more strings identifying other named security scheme definitions, any one of which, when satisfied, will allow access. Only one may be chosen for use.mandatoryArray of string"
"td-vocab-oneOf--DataSchema","null","not testable with Assertion Tester","oneOfUsed to ensure that the data is valid against one of the specified schemas in the array. This can be used to describe multiple input or output schemas.optionalArray of DataSchema"
"td-vocab-op--Form","null","not testable with Assertion Tester","opIndicates the semantic intention of performing the operation(s) described by the form. For example, the Property interaction allows get and set operations. The protocol binding may contain a form for the get operation and a different form for the set operation. The op attribute indicates which form is for which and allows the client to select the correct form for the operation required. op can be assigned one or more interaction verb(s) each representing a semantic intention of an operation.with defaultstring or Array of string (one of readproperty, writeproperty, observeproperty, unobserveproperty, invokeaction, queryaction, cancelaction, subscribeevent, unsubscribeevent, readallproperties, writeallproperties, readmultipleproperties, writemultipleproperties, observeallproperties, unobserveallproperties, subscribeallevents, unsubscribeallevents, or queryallactions)"
"td-vocab-op--Form_cancelaction","null","not testable with Assertion Tester","Type: MUST be string or Array of string (cancelaction)."
"td-vocab-op--Form_invokeaction","null","not testable with Assertion Tester","Type: MUST be string or Array of string (invokeaction)."
"td-vocab-op--Form_observeallproperties","null","not testable with Assertion Tester","Type: MUST be string or Array of string (observeallproperties)."
"td-vocab-op--Form_observeproperty","null","not testable with Assertion Tester","Type: MUST be string or Array of string (observeproperty)."
"td-vocab-op--Form_queryaction","null","not testable with Assertion Tester","Type: MUST be string or Array of string (queryaction)."
"td-vocab-op--Form_queryallactions","null","not testable with Assertion Tester","Type: MUST be string or Array of string (queryallactions)."
"td-vocab-op--Form_readallproperties","null","not testable with Assertion Tester","Type: MUST be string or Array of string (readallproperties)."
"td-vocab-op--Form_readmultipleproperties","null","not testable with Assertion Tester","Type: MUST be string or Array of string (readmultipleproperties)."
"td-vocab-op--Form_readproperty","null","not testable with Assertion Tester","Type: MUST be string or Array of string (readproperty)."
"td-vocab-op--Form_subscribeallevents","null","not testable with Assertion Tester","Type: MUST be string or Array of string (subscribeallevents)."
"td-vocab-op--Form_subscribeevent","null","not testable with Assertion Tester","Type: MUST be string or Array of string (subscribeevent)."
"td-vocab-op--Form_unobserveallproperties","null","not testable with Assertion Tester","Type: MUST be string or Array of string (unobserveallproperties)."
"td-vocab-op--Form_unobserveproperty","null","not testable with Assertion Tester","Type: MUST be string or Array of string (unobserveproperty)."
"td-vocab-op--Form_unsubscribeallevents","null","not testable with Assertion Tester","Type: MUST be string or Array of string (unsubscribeallevents)."
"td-vocab-op--Form_unsubscribeevent","null","not testable with Assertion Tester","Type: MUST be string or Array of string (unsubscribeevent)."
"td-vocab-op--Form_writeallproperties","null","not testable with Assertion Tester","Type: MUST be string or Array of string (writeallproperties)."
"td-vocab-op--Form_writemultipleproperties","null","not testable with Assertion Tester","Type: MUST be string or Array of string (writemultipleproperties)."
"td-vocab-op--Form_writeproperty","null","not testable with Assertion Tester","Type: MUST be string or Array of string (writeproperty)."
"td-vocab-output--ActionAffordance","null","not testable with Assertion Tester","outputUsed to define the output data schema of the Action.optionalDataSchema"
"td-vocab-pattern--StringSchema","null","not testable with Assertion Tester","patternProvides a regular expression to express constraints of the string value. The regular expression must follow the [[ECMA-262]] dialect.optionalstring"
"td-vocab-profile--Thing","null","not testable with Assertion Tester","profileIndicates the WoT Profile mechanisms followed by this Thing Description and the corresponding Thing implementation.optionalanyURI or Array of anyURI"
"td-vocab-properties--ObjectSchema","null","not testable with Assertion Tester","propertiesData schema nested definitions.optionalMap of DataSchema"
"td-vocab-properties--Thing","null","not testable with Assertion Tester","propertiesAll Property-based Interaction Affordances of the Thing.optionalMap of PropertyAffordance"
"td-vocab-proxy--SecurityScheme","null","not testable with Assertion Tester","proxyURI of the proxy server this security configuration provides access to. If not given, the corresponding security configuration is for the endpoint.optionalanyURI"
"td-vocab-qop--DigestSecurityScheme","null","not testable with Assertion Tester","qopQuality of protection.with defaultstring (one of auth, or auth-int)"
"td-vocab-readOnly--DataSchema","null","not testable with Assertion Tester","readOnlyBoolean value that is a hint to indicate whether a property interaction / value is read only (=true) or not (=false).with defaultboolean"
"td-vocab-refresh--OAuth2SecurityScheme","null","not testable with Assertion Tester","refreshURI of the refresh server.optionalanyURI"
"td-vocab-rel--Link","null","not testable with Assertion Tester","relA link relation type identifies the semantics of a link.optionalstring"
"td-vocab-required--ObjectSchema","null","not testable with Assertion Tester","requiredDefines which members of the object type are mandatory, i.e. which members are mandatory in the payload that is to be sent (e.g., input of invokeaction, writeproperty) and what members will be definitely delivered in the payload that is being received (e.g., output of invokeaction, readproperty)optionalArray of string"
"td-vocab-response--Form","null","not testable with Assertion Tester","responseThis optional term can be used if, e.g., the output communication metadata differ from input metadata (e.g., output contentType differ from the input contentType). The response name contains metadata that is only valid for the primary response messages.optionalExpectedResponse"
"td-vocab-safe--ActionAffordance","null","not testable with Assertion Tester","safeSignals if the Action is safe (=true) or not. Used to signal if there is no internal state (cf. resource state) is changed when invoking an Action. In that case responses can be cached as example.with defaultboolean"
"td-vocab-schema--AdditionalExpectedResponse","null","not testable with Assertion Tester","schemaUsed to define the output data schema for an additional response if it differs from the default output data schema. Rather than a DataSchema object, the name of a previous definition given in a schemaDefinitions map must be used.optionalstring"
"td-vocab-schemaDefinitions--Thing","null","not testable with Assertion Tester","schemaDefinitionsSet of named data schemas. To be used in a schema name-value pair inside an AdditionalExpectedResponse object.optionalMap of DataSchema"
"td-vocab-scheme--SecurityScheme","null","not testable with Assertion Tester","schemeIdentification of the security mechanism being configured.mandatorystring (e.g., nosec, combo, basic, digest, bearer, psk, oauth2, apikey, or auto)"
"td-vocab-scheme--SecurityScheme_apikey","null","not testable with Assertion Tester","."
"td-vocab-scheme--SecurityScheme_auto","null","not testable with Assertion Tester","."
"td-vocab-scheme--SecurityScheme_basic","null","not testable with Assertion Tester","."
"td-vocab-scheme--SecurityScheme_bearer","null","not testable with Assertion Tester","."
"td-vocab-scheme--SecurityScheme_digest","null","not testable with Assertion Tester","."
"td-vocab-scheme--SecurityScheme_nosec","null","not testable with Assertion Tester","."
"td-vocab-scheme--SecurityScheme_oauth2","null","not testable with Assertion Tester","."
"td-vocab-scheme--SecurityScheme_psk","null","not testable with Assertion Tester","."
"td-vocab-scopes--Form","null","not testable with Assertion Tester","scopesSet of authorization scope identifiers provided as an array. These are provided in tokens returned by an authorization server and associated with forms in order to identify what resources a client may access and how. The values associated with a form SHOULD be chosen from those defined in an OAuth2SecurityScheme active on that form.optionalstring or Array of string"
"td-vocab-scopes--OAuth2SecurityScheme","null","not testable with Assertion Tester","scopesSet of authorization scope identifiers provided as an array. These are provided in tokens returned by an authorization server and associated with forms in order to identify what resources a client may access and how. The values associated with a form SHOULD be chosen from those defined in an OAuth2SecurityScheme active on that form.optionalstring or Array of string"
"td-vocab-security--Form","null","not testable with Assertion Tester","securitySet of security definition names, chosen from those defined in securityDefinitions. These must all be satisfied for access to resources.optionalstring or Array of string"
"td-vocab-security--Thing","null","not testable with Assertion Tester","securitySet of security definition names, chosen from those defined in securityDefinitions. These must all be satisfied for access to resources.mandatorystring or Array of string"
"td-vocab-securityDefinitions--Thing","null","not testable with Assertion Tester","securityDefinitionsSet of named security configurations (definitions only). Not actually applied unless names are used in a security name-value pair.mandatoryMap of SecurityScheme"
"td-vocab-sizes--Link","null","not testable with Assertion Tester",". The value pattern follows {Height}x{Width} (e.g."
"td-vocab-subprotocol--Form","null","not testable with Assertion Tester","subprotocolIndicates the exact mechanism by which an interaction will be accomplished for a given protocol when there are multiple options. For example, for HTTP and Events, it indicates which of several available mechanisms should be used for asynchronous notifications such as long polling (longpoll), WebSub [websub] (websub), Server-Sent Events (sse) [html] (also known as EventSource). Please note that there is no restriction on the subprotocol selection and other mechanisms can also be announced by this subprotocol term.optionalstring (e.g., longpoll, websub, or sse)"
"td-vocab-subscription--EventAffordance","null","not testable with Assertion Tester","subscriptionDefines data that needs to be passed upon subscription, e.g., filters or message format for setting up Webhooks.optionalDataSchema"
"td-vocab-success--AdditionalExpectedResponse","null","not testable with Assertion Tester","successSignals if an additional response should not be considered an error.with defaultboolean"
"td-vocab-support--Thing","null","not testable with Assertion Tester","supportProvides information about the TD maintainer as URI scheme (e.g., mailto [[RFC6068]], tel [[RFC3966]], https [[RFC9112]]).optionalanyURI"
"td-vocab-synchronous--ActionAffordance","null","not testable with Assertion Tester","synchronousIndicates whether the action is synchronous (=true) or not. A synchronous action means that the response of action contains all the information about the result of the action and no further querying about the status of the action is needed. Lack of this keyword means that no claim on the synchronicity of the action can be made.optionalboolean"
"td-vocab-title--DataSchema","null","not testable with Assertion Tester","titleProvides a human-readable title (e.g., display a text for UI representation) based on a default language.optionalstring"
"td-vocab-title--InteractionAffordance","null","not testable with Assertion Tester","titleProvides a human-readable title (e.g., display a text for UI representation) based on a default language.optionalstring"
"td-vocab-title--Thing","null","not testable with Assertion Tester","titleProvides a human-readable title (e.g., display a text for UI representation) based on a default language.mandatoryany type"
"td-vocab-titles--DataSchema","null","not testable with Assertion Tester","titlesProvides multi-language human-readable titles (e.g., display a text for UI representation in different languages). Also see MultiLanguage.optionalMap of MultiLanguage"
"td-vocab-titles--InteractionAffordance","null","not testable with Assertion Tester","titlesProvides multi-language human-readable titles (e.g., display a text for UI representation in different languages). Also see MultiLanguage.optionalMap of MultiLanguage"
"td-vocab-titles--Thing","null","not testable with Assertion Tester","titlesProvides multi-language human-readable titles (e.g., display a text for UI representation in different languages). Also see MultiLanguage.optionalMap of MultiLanguage"
"td-vocab-token--OAuth2SecurityScheme","null","not testable with Assertion Tester","tokenURI of the token server.optionalanyURI"
"td-vocab-type--DataSchema","null","not testable with Assertion Tester","typeAssignment of JSON-based data types compatible with JSON Schema (one of boolean, integer, number, string, object, array, or null).optionalanyURI (one of object, array, string, number, integer, boolean, or null)"
"td-vocab-type--DataSchema_array","null","not testable with Assertion Tester","type: Assignment of JSON-based data types MUST be compatible with JSON Schema (array)."
"td-vocab-type--DataSchema_boolean","null","not testable with Assertion Tester","type: Assignment of JSON-based data types MUST be compatible with JSON Schema (boolean)."
"td-vocab-type--DataSchema_integer","null","not testable with Assertion Tester","type: Assignment of JSON-based data types MUST be compatible with JSON Schema (integer)."
"td-vocab-type--DataSchema_null","null","not testable with Assertion Tester","type: Assignment of JSON-based data types MUST be compatible with JSON Schema (null)."
"td-vocab-type--DataSchema_number","null","not testable with Assertion Tester","type: Assignment of JSON-based data types MUST be compatible with JSON Schema (number)."
"td-vocab-type--DataSchema_object","null","not testable with Assertion Tester","type: Assignment of JSON-based data types MUST be compatible with JSON Schema (object)."
"td-vocab-type--DataSchema_string","null","not testable with Assertion Tester","type: Assignment of JSON-based data types MUST be compatible with JSON Schema (string)."
"td-vocab-type--Link","null","not testable with Assertion Tester","typeTarget attribute providing a hint indicating what the media type [RFC2046] of the result of dereferencing the link should be.optionalstring"
"td-vocab-unit--DataSchema","null","not testable with Assertion Tester","unitProvides unit information that is used, e.g., in international science, engineering, and business. To preserve uniqueness, it is recommended that the value of the unit points to a semantic definition (also see Section Semantic Annotations).optionalstring"
"td-vocab-uriVariables--InteractionAffordance","null","not testable with Assertion Tester","uriVariablesDefine URI template variables according to [[RFC6570]] as collection based on DataSchema declarations. The individual variables DataSchema cannot be an ObjectSchema or an ArraySchema since each variable needs to be serialized to a string inside the href upon the execution of the operation. If the same variable is both declared in Thing level uriVariablesand in Interaction Affordance level, the Interaction Affordance level variable takes precedence.optionalMap of DataSchema"
"td-vocab-uriVariables--Thing","null","not testable with Assertion Tester","uriVariablesDefine URI template variables according to [[RFC6570]] as collection based on DataSchema declarations. The Thing level uriVariables can be used in Thing level forms or in Interaction Affordances. The individual variables DataSchema cannot be an ObjectSchema or an ArraySchema since each variable needs to be serialized to a string inside the href upon the execution of the operation. If the same variable is both declared in Thing level uriVariables and in Interaction Affordance level, the Interaction Affordance level variable takes precedence.optionalMap of DataSchema"
"td-vocab-version--Thing","null","not testable with Assertion Tester","versionProvides version information.optionalVersionInfo"
"td-vocab-writeOnly--DataSchema","null","not testable with Assertion Tester","writeOnlyBoolean value that is a hint to indicate whether a property interaction / value is write only (=true) or not (=false).with defaultboolean"
"td-vocabulary-defaults","null","not testable with Assertion Tester","When assignments in a TD are missing, a TD Processor MUST follow the Default Value assignments expressed in the table of Default Value Definitions."
"tm-compose-instanceName","null","not testable with Assertion Tester","Optionally an instanceName MAY be provided to associate an individual name to the composed (sub-) Thing Model."
"tm-compose-name-collision","null","not testable with Assertion Tester","Thereby the generation process MUST avoid possible name collisions."
"tm-compose-submodel","null","not testable with Assertion Tester","If it is desired to provide information that a Thing Model consists of one or more (sub-)Thing Models"
"tm-context-requirement","null","not testable with Assertion Tester","Additionally, in order to identify it as a JSON-LD document, Thing Model definitions MUST use the keyword @context at top level with same rules as a Thing Description."
"tm-derivation-validity","null","not testable with Assertion Tester","When a Thing Descriptions is instantiated by relying on a Thing Model, it SHOULD be valid according to that Thing Model."
"tm-extend","null","not testable with Assertion Tester","When a Thing Model extends another Thing Model"
"tm-identification","null","not testable with Assertion Tester","Thing Model definitions MUST use the keyword @type at top level and a value of type string or array that equals or respectively contains tm:ThingModel."
"tm-overwrite-interaction","null","not testable with Assertion Tester","A Thing Model SHOULD NOT overwrite the JSON names defined within the properties, actions, and/or events Map of the extended Thing Model."
"tm-overwrite-types","null","not testable with Assertion Tester","Definitions SHOULD NOT be overwritten in such a way that possible instance values are no longer valid compared to the origin extended definitions."
"tm-placeholder-multiple-placeholders","null","not testable with Assertion Tester","Within a single value"
"tm-placeholder-object-serialization","null","not testable with Assertion Tester","If a string-based value of a JSON name-value pair has a placeholder and the value replacement is a Map (JSON Object), it MUST be replaced by the stringified version of the Map and MUST NOT contain any whitespace character (e.g., space, tab, etc)."
"tm-placeholder-pattern","null","not testable with Assertion Tester","The string-based pattern of the placeholder MUST be defined with double curly braces to clearly distinguish the placeholder from the rest of the value content (e.g., {{ PLACEHOLDER_IDENTIFIER}})."
"tm-placeholder-replacement","null","not testable with Assertion Tester","The placeholder labeling MUST be substituted with a concrete value (e.g., as JSON number, JSON string, JSON object, etc) when TD instance is created from the Thing Model."
"tm-placeholder-retyping","null","not testable with Assertion Tester","If a non string-based value of a JSON name-value pair has a placeholder, the value MUST be (temporarily) typed as string."
"tm-placeholder-usecase","null","not testable with Assertion Tester","In a case where TD instance terms, but not their values, are known in advance, the placeholder labeling MAY be used in a Thing Model."
"tm-placeholder-value","null","not testable with Assertion Tester","A placeholder MUST be applied within the value of the JSON name-value pair."
"tm-protocol-security-restriction","null","not testable with Assertion Tester","A Thing Model MAY NOT contain instance specific Protocol Binding and security information such as endpoint addresses."
"tm-ref-recursive-extensions","null","not testable with Assertion Tester","Recursive extensions leading to an infinite loop MUST NOT be defined."
"tm-rel-type-maximum","null","not testable with Assertion Tester","a maximum of once."
"tm-td-generation-inconsistencies","null","not testable with Assertion Tester","A Thing Model MUST be defined in such a way that there are no inconsistencies that would result in a Thing Description not being able to meet the requirements as described in Section and ."
"tm-td-generation-processor-extends","null","not testable with Assertion Tester","If used"
"tm-td-generation-processor-forms","null","not testable with Assertion Tester","Missing communication and/or security metadata details MUST be completed in the Thing Description instance based on Section and/or ."
"tm-td-generation-processor-imports","null","not testable with Assertion Tester","Copy all definitions from the input Thing Model to the resulting Partial TD instance. If used, the extension and imports feature MUST be resolved and represented in the Partial TD instance according to ."
"tm-td-generation-processor-optional","null","not testable with Assertion Tester","All optional interactions (listed in tm:optional) MAY be taken over to the Partial TD instance."
"tm-td-generation-processor-placeholder","null","not testable with Assertion Tester","If used, all placeholders (see Section ) in the Thing Model MUST be replaced with a valid corresponding value in the Partial TD."
"tm-td-generation-processor-required","null","not testable with Assertion Tester","All required interactions (not listed in tm:optional) MUST be taken over to the Partial TD instance."
"tm-td-generation-processor-type","null","not testable with Assertion Tester","The tm:ThingModel value of the top-level @type MUST be removed in the Partial TD instance."
"tm-tmOptional","null","not testable with Assertion Tester","If interaction models are not mandatory to be implemented in a Thing Description instance, Thing Model definitions MUST use the JSON member name tm:optional."
"tm-tmOptional-JSONPointer","null","not testable with Assertion Tester","The value of tm:optional MUST provide JSON Pointer [[RFC6901]] references to the required interaction model definitions."
"tm-tmOptional-array","null","not testable with Assertion Tester","tm:optional MUST be a JSON array at the top level."
"tm-tmOptional-resolver","null","not testable with Assertion Tester","The JSON Pointers of tm:optional MUST resolve to an entire interaction affordance Map definition."
"tm-tmRef-overwrite-possibility","null","not testable with Assertion Tester","If the intention is to override an existing JSON name-value pair definition from tm:ref, the same JSON name MUST be used at the same level of the tm:ref declaration that provides a new value."
"tm-tmRef-overwrite-process","null","not testable with Assertion Tester","The process to overwrite MUST follow the JSON Merge Patch algorithm as defined in [RFC7396] where the content of the referenced definition is patched with the new provided JSON name-value pairs."
"tm-tmRef-overwrite-semantic-meaning","null","not testable with Assertion Tester","Similar to tm:extends and to keep the semantic meaning, definitions SHOULD NOT be overwritten in such a way that possible instance values are no longer valid compared to the origin referenced definition."
"tm-tmRef-usecase","null","not testable with Assertion Tester","For importing pieces of definitions of one or more existing Thing Models, the tm:ref term is introduced that provides the location of an existing (sub-)definition that SHOULD be reused."
"tm-tmRef1","null","not testable with Assertion Tester","The tm:ref value MUST follow the pattern that starts with the file location as URI [[RFC3986]](Section 4.1)), followed by # character, and followed by JSON Pointer [[RFC6901]] definition."
"tm-tmRef2","null","not testable with Assertion Tester","Every time tm:ref is used, the referenced pre-definition and its dependencies (e.g., by context extension) MUST be assumed at the new defined definition."
"tm-versioning-1","null","not testable with Assertion Tester","When the Thing Model definitions change over time, this SHOULD be reflected in the version container."
"tm-versioning-2","null","not testable with Assertion Tester","Due to the definition of Thing Model the term instance MUST be omitted within the version container."
"well-known-operation-types-only","null","not testable with Assertion Tester","operations types MUST be restricted to the values in the table below."